{"cameraMode":{"drawMode":0,"name":"Shaded","section":"Shading Mode"},"sceneLighting":false,"audioPlay":false,"sceneViewState":{"showFog":true,"showMaterialUpdate":false,"showSkybox":true,"showFlares":true,"showImageEffects":true,"showParticleSystems":true},"in2DMode":false,"pivot":{"x":0.4753321707248688,"y":-0.6998353600502014,"z":-0.7105238437652588},"rotation":{"x":-0.0018646328244358302,"y":0.9854558110237122,"z":0.01094098575413227,"w":0.1695692390203476},"size":7.206907749176025,"orthographic":true}